run_id,chunking_strategy,retrieval_type,rewriter,reranker,cleaning,embedder_type,embedder_model,chunk_size,overlap,num_chunks,hit@1,hit@3,hit@5,mrr,avg_first_rank,run_dir

20260225_104615,naive_tokens,dense,none,,basic,sentence_transformers,BAAI/bge-small-en-v1.5,300,50,204,0.24242424242424243,0.3939393939393939,0.5757575757575758,0.3570707070707071,2.3157894736842106,results\runs\retrieval_20260225_104615
20260225_104634,naive_tokens,bm25,none,,basic,sentence_transformers,BAAI/bge-small-en-v1.5,300,50,204,0.3333333333333333,0.5757575757575758,0.6363636363636364,0.45303030303030306,1.8571428571428572,results\runs\retrieval_20260225_104634
20260225_104653,naive_tokens,hybrid,none,,basic,sentence_transformers,BAAI/bge-small-en-v1.5,300,50,204,0.21212121212121213,0.5151515151515151,0.7272727272727273,0.37878787878787884,2.75,results\runs\retrieval_20260225_104653
20260225_104712,naive_tokens,hybrid,none,,basic,sentence_transformers,BAAI/bge-small-en-v1.5,300,50,204,0.21212121212121213,0.5454545454545454,0.7272727272727273,0.39292929292929296,2.5833333333333335,results\runs\retrieval_20260225_104712
20260225_110720,naive_tokens,dense,none,BAAI/bge-reranker-base,basic,sentence_transformers,BAAI/bge-small-en-v1.5,300,50,204,0.15151515151515152,0.24242424242424243,0.5757575757575758,0.26313131313131316,3.3684210526315788,results\runs\retrieval_20260225_110720
20260225_112644,naive_tokens,hybrid,none,BAAI/bge-reranker-base,basic,sentence_transformers,BAAI/bge-small-en-v1.5,300,50,204,0.15151515151515152,0.24242424242424243,0.5757575757575758,0.26313131313131316,3.3684210526315788,results\runs\retrieval_20260225_112644
20260225_112743,tree_parent_child,dense,none,,basic,sentence_transformers,BAAI/bge-small-en-v1.5,450,100,342,0.15151515151515152,0.5151515151515151,0.5151515151515151,0.30808080808080807,2.0,results\runs\retrieval_20260225_112743
